Workbook
Name Slicer_Department: #N/A

Sheet RAW Data
A1: Age | B1: Attrition | C1: BusinessTravel | D1: DailyRate | E1: Department | F1: DistanceFromHome | G1: Education | H1: EducationField | I1: EmployeeCount | J1: EmployeeNumber | K1: EnvironmentSatisfaction | L1: Gender | M1: HourlyRate | N1: JobInvolvement | O1: JobLevel | P1: JobRole | Q1: JobSatisfaction | R1: MaritalStatus | S1: MonthlyIncome | T1: MonthlyRate | U1: NumCompaniesWorked | V1: Over18 | W1: OverTime | X1: PercentSalaryHike | Y1: PerformanceRating | Z1: RelationshipSatisfaction | AA1: StandardHours | AB1: StockOptionLevel | AC1: TotalWorkingYears | AD1: TrainingTimesLastYear | AE1: WorkLifeBalance | AF1: YearsAtCompany | AG1: YearsInCurrentRole | AH1: YearsSinceLastPromotion | AI1: YearsWithCurrManager
A2: 41 | B2: Yes | C2: Travel_Rarely | D2: 1102 | E2: Sales | F2: 1 | G2: 2 | H2: Life Sciences | I2: 1 | J2: 1 | K2: 2 | L2: Female | M2: 94 | N2: 3 | O2: 2 | P2: Sales Executive | Q2: 4 | R2: Single | S2: 5993 | T2: 19479 | U2: 8 | V2: Y | W2: Yes | X2: 11 | Y2: 3 | Z2: 1 | AA2: 80 | AB2: 0 | AC2: 8 | AD2: 0 | AE2: 1 | AF2: 6 | AG2: 4 | AH2: 0 | AI2: 5
A3: 49 | B3: No | C3: Travel_Frequently | D3: 279 | E3: Research & Development | F3: 8 | G3: 1 | H3: Life Sciences | I3: 1 | J3: 2 | K3: 3 | L3: Male | M3: 61 | N3: 2 | O3: 2 | P3: Research Scientist | Q3: 2 | R3: Married | S3: 5130 | T3: 24907 | U3: 1 | V3: Y | W3: No | X3: 23 | Y3: 4 | Z3: 4 | AA3: 80 | AB3: 1 | AC3: 10 | AD3: 3 | AE3: 3 | AF3: 10 | AG3: 7 | AH3: 1 | AI3: 7
A4: 37 | B4: Yes | C4: Travel_Rarely | D4: 1373 | E4: Research & Development | F4: 2 | G4: 2 | H4: Other | I4: 1 | J4: 4 | K4: 4 | L4: Male | M4: 92 | N4: 2 | O4: 1 | P4: Laboratory Technician | Q4: 3 | R4: Single | S4: 2090 | T4: 2396 | U4: 6 | V4: Y | W4: Yes | X4: 15 | Y4: 3 | Z4: 2 | AA4: 80 | AB4: 0 | AC4: 7 | AD4: 3 | AE4: 3 | AF4: 0 | AG4: 0 | AH4: 0 | AI4: 0
A5: 33 | B5: No | C5: Travel_Frequently | D5: 1392 | E5: Research & Development | F5: 3 | G5: 4 | H5: Life Sciences | I5: 1 | J5: 5 | K5: 4 | L5: Female | M5: 56 | N5: 3 | O5: 1 | P5: Research Scientist | Q5: 3 | R5: Married | S5: 2909 | T5: 23159 | U5: 1 | V5: Y | W5: Yes | X5: 11 | Y5: 3 | Z5: 3 | AA5: 80 | AB5: 0 | AC5: 8 | AD5: 3 | AE5: 3 | AF5: 8 | AG5: 7 | AH5: 3 | AI5: 0
A6: 27 | B6: No | C6: Travel_Rarely | D6: 591 | E6: Research & Development | F6: 2 | G6: 1 | H6: Medical | I6: 1 | J6: 7 | K6: 1 | L6: Male | M6: 40 | N6: 3 | O6: 1 | P6: Laboratory Technician | Q6: 2 | R6: Married | S6: 3468 | T6: 16632 | U6: 9 | V6: Y | W6: No | X6: 12 | Y6: 3 | Z6: 4 | AA6: 80 | AB6: 1 | AC6: 6 | AD6: 3 | AE6: 3 | AF6: 2 | AG6: 2 | AH6: 2 | AI6: 2
A7: 32 | B7: No | C7: Travel_Frequently | D7: 1005 | E7: Research & Development | F7: 2 | G7: 2 | H7: Life Sciences | I7: 1 | J7: 8 | K7: 4 | L7: Male | M7: 79 | N7: 3 | O7: 1 | P7: Laboratory Technician | Q7: 4 | R7: Single | S7: 3068 | T7: 11864 | U7: 0 | V7: Y | W7: No | X7: 13 | Y7: 3 | Z7: 3 | AA7: 80 | AB7: 0 | AC7: 8 | AD7: 2 | AE7: 2 | AF7: 7 | AG7: 7 | AH7: 3 | AI7: 6
A8: 59 | B8: No | C8: Travel_Rarely | D8: 1324 | E8: Research & Development | F8: 3 | G8: 3 | H8: Medical | I8: 1 | J8: 10 | K8: 3 | L8: Female | M8: 81 | N8: 4 | O8: 1 | P8: Laboratory Technician | Q8: 1 | R8: Married | S8: 2670 | T8: 9964 | U8: 4 | V8: Y | W8: Yes | X8: 20 | Y8: 4 | Z8: 1 | AA8: 80 | AB8: 3 | AC8: 12 | AD8: 3 | AE8: 2 | AF8: 1 | AG8: 0 | AH8: 0 | AI8: 0
A9: 30 | B9: No | C9: Travel_Rarely | D9: 1358 | E9: Research & Development | F9: 24 | G9: 1 | H9: Life Sciences | I9: 1 | J9: 11 | K9: 4 | L9: Male | M9: 67 | N9: 3 | O9: 1 | P9: Laboratory Technician | Q9: 3 | R9: Divorced | S9: 2693 | T9: 13335 | U9: 1 | V9: Y | W9: No | X9: 22 | Y9: 4 | Z9: 2 | AA9: 80 | AB9: 1 | AC9: 1 | AD9: 2 | AE9: 3 | AF9: 1 | AG9: 0 | AH9: 0 | AI9: 0
A10: 38 | B10: No | C10: Travel_Frequently | D10: 216 | E10: Research & Development | F10: 23 | G10: 3 | H10: Life Sciences | I10: 1 | J10: 12 | K10: 4 | L10: Male | M10: 44 | N10: 2 | O10: 3 | P10: Manufacturing Director | Q10: 3 | R10: Single | S10: 9526 | T10: 8787 | U10: 0 | V10: Y | W10: No | X10: 21 | Y10: 4 | Z10: 2 | AA10: 80 | AB10: 0 | AC10: 10 | AD10: 2 | AE10: 3 | AF10: 9 | AG10: 7 | AH10: 1 | AI10: 8
A11: 36 | B11: No | C11: Travel_Rarely | D11: 1299 | E11: Research & Development | F11: 27 | G11: 3 | H11: Medical | I11: 1 | J11: 13 | K11: 3 | L11: Male | M11: 94 | N11: 3 | O11: 2 | P11: Healthcare Representative | Q11: 3 | R11: Married | S11: 5237 | T11: 16577 | U11: 6 | V11: Y | W11: No | X11: 13 | Y11: 3 | Z11: 2 | AA11: 80 | AB11: 2 | AC11: 17 | AD11: 3 | AE11: 2 | AF11: 7 | AG11: 7 | AH11: 7 | AI11: 7
A12: 35 | B12: No | C12: Travel_Rarely | D12: 809 | E12: Research & Development | F12: 16 | G12: 3 | H12: Medical | I12: 1 | J12: 14 | K12: 1 | L12: Male | M12: 84 | N12: 4 | O12: 1 | P12: Laboratory Technician | Q12: 2 | R12: Married | S12: 2426 | T12: 16479 | U12: 0 | V12: Y | W12: No | X12: 13 | Y12: 3 | Z12: 3 | AA12: 80 | AB12: 1 | AC12: 6 | AD12: 5 | AE12: 3 | AF12: 5 | AG12: 4 | AH12: 0 | AI12: 3
A13: 29 | B13: No | C13: Travel_Rarely | D13: 153 | E13: Research & Development | F13: 15 | G13: 2 | H13: Life Sciences | I13: 1 | J13: 15 | K13: 4 | L13: Female | M13: 49 | N13: 2 | O13: 2 | P13: Laboratory Technician | Q13: 3 | R13: Single | S13: 4193 | T13: 12682 | U13: 0 | V13: Y | W13: Yes | X13: 12 | Y13: 3 | Z13: 4 | AA13: 80 | AB13: 0 | AC13: 10 | AD13: 3 | AE13: 3 | AF13: 9 | AG13: 5 | AH13: 0 | AI13: 8
... A1471: 34 | B1471: No | C1471: Travel_Rarely | D1471: 628 | E1471: Research & Development | F1471: 8 | G1471: 3 | H1471: Medical | I1471: 1 | J1471: 2068 | K1471: 2 | L1471: Male | M1471: 82 | N1471: 4 | O1471: 2 | P1471: Laboratory Technician | Q1471: 3 | R1471: Married | S1471: 4404 | T1471: 10228 | U1471: 2 | V1471: Y | W1471: No | X1471: 12 | Y1471: 3 | Z1471: 1 | AA1471: 80 | AB1471: 0 | AC1471: 6 | AD1471: 3 | AE1471: 4 | AF1471: 4 | AG1471: 3 | AH1471: 1 | AI1471: 2

Sheet Analysis
A1: Age | B1: Attrition | C1: BusinessTravel | D1: DailyRate | E1: Department | F1: DistanceFromHome | G1: Education | H1: EducationField | I1: EmployeeCount | J1: EmployeeNumber | K1: EnvironmentSatisfaction | L1: Gender | M1: HourlyRate | N1: JobInvolvement | O1: JobLevel | P1: JobRole | Q1: JobSatisfaction | R1: MaritalStatus | S1: MonthlyIncome | T1: MonthlyRate | U1: NumCompaniesWorked | V1: Over18 | W1: OverTime | X1: PercentSalaryHike | Y1: PerformanceRating | Z1: RelationshipSatisfaction | AA1: StandardHours | AB1: StockOptionLevel | AC1: TotalWorkingYears | AD1: TrainingTimesLastYear | AE1: WorkLifeBalance | AF1: YearsAtCompany | AG1: YearsInCurrentRole | AH1: YearsSinceLastPromotion | AI1: YearsWithCurrManager | AJ1: salary_category | AK1: salary_level | AL1: Experience_level | AM1: Column1 | AS1: Department | AT1: Sum of EmployeeCount | AV1: Department | AW1: Average of MonthlyIncome
A2: 41 | B2: Yes | C2: Travel_Rarely | D2: 1102 | E2: Sales | F2: 1 | G2: 2 | H2: Life Sciences | I2: 1 | J2: 1 | K2: 2 | L2: Female | M2: 94 | N2: 3 | O2: 2 | P2: Sales Executive | Q2: 4 | R2: Single | S2: 5993 | T2: 19479 | U2: 8 | V2: Y | W2: Yes | X2: 11 | Y2: 3 | Z2: 1 | AA2: 80 | AB2: 0 | AC2: 8 | AD2: 0 | AE2: 1 | AF2: 6 | AG2: 4 | AH2: 0 | AI2: 5 | AJ2: =IF(S2>=6500,"High","Low") -> Low | AK2: {=_xlfn.IFS(S2<4000,"Low",S2<8000,"Medium",S2>=8000,"High")} -> Medium | AL2: {=_xlfn.IFS(AF2<3,"new",AF2<=7,"Experienced",AF2>7,"High")} -> Experienced | AS2: Sales | AT2: 446 | AV2: Human Resources | AW2: 6654.5079
A3: 49 | B3: No | C3: Travel_Frequently | D3: 279 | E3: Research & Development | F3: 8 | G3: 1 | H3: Life Sciences | I3: 1 | J3: 2 | K3: 3 | L3: Male | M3: 61 | N3: 2 | O3: 2 | P3: Research Scientist | Q3: 2 | R3: Married | S3: 5130 | T3: 24907 | U3: 1 | V3: Y | W3: No | X3: 23 | Y3: 4 | Z3: 4 | AA3: 80 | AB3: 1 | AC3: 10 | AD3: 3 | AE3: 3 | AF3: 10 | AG3: 7 | AH3: 1 | AI3: 7 | AJ3: =IF(S3>=6500,"High","Low") -> Low | AK3: {=_xlfn.IFS(S3<4000,"Low",S3<8000,"Medium",S3>=8000,"High")} -> Medium | AL3: {=_xlfn.IFS(AF3<3,"new",AF3<=7,"Experienced",AF3>7,"High")} -> High | AS3: Grand Total | AT3: 446 | AV3: Research & Development | AW3: 6281.2529
A4: 37 | B4: Yes | C4: Travel_Rarely | E4: Research & Development | F4: 2 | G4: 2 | H4: Other | I4: 1 | J4: 4 | K4: 4 | L4: Male | M4: 92 | N4: 2 | O4: 1 | P4: Laboratory Technician | Q4: 3 | R4: Single | S4: 2090 | T4: 2396 | U4: 6 | V4: Y | W4: Yes | X4: 15 | Y4: 3 | Z4: 2 | AA4: 80 | AB4: 0 | AC4: 7 | AD4: 3 | AE4: 3 | AF4: 0 | AG4: 0 | AH4: 0 | AI4: 0 | AJ4: =IF(S4>=6500,"High","Low") -> Low | AK4: {=_xlfn.IFS(S4<4000,"Low",S4<8000,"Medium",S4>=8000,"High")} -> Low | AL4: {=_xlfn.IFS(AF4<3,"new",AF4<=7,"Experienced",AF4>7,"High")} -> new | AV4: Sales | AW4: 6959.1726
A5: 33 | B5: No | C5: Travel_Frequently | D5: 1392 | E5: Research & Development | F5: 3 | G5: 4 | H5: Life Sciences | I5: 1 | J5: 5 | K5: 4 | L5: Female | M5: 56 | N5: 3 | O5: 1 | P5: Research Scientist | Q5: 3 | R5: Married | S5: 2909 | T5: 23159 | U5: 1 | V5: Y | W5: Yes | X5: 11 | Y5: 3 | Z5: 3 | AA5: 80 | AB5: 0 | AC5: 8 | AD5: 3 | AE5: 3 | AF5: 8 | AG5: 7 | AH5: 3 | AI5: 0 | AJ5: =IF(S5>=6500,"High","Low") -> Low | AK5: {=_xlfn.IFS(S5<4000,"Low",S5<8000,"Medium",S5>=8000,"High")} -> Low | AL5: {=_xlfn.IFS(AF5<3,"new",AF5<=7,"Experienced",AF5>7,"High")} -> High | AV5: Grand Total | AW5: 6502.9313
A6: 27 | B6: No | C6: Travel_Rarely | D6: 591 | E6: Research & Development | F6: 2 | G6: 1 | H6: Medical | I6: 1 | J6: 7 | K6: 1 | L6: Male | M6: 40 | N6: 3 | O6: 1 | P6: Laboratory Technician | Q6: 2 | R6: Married | S6: 3468 | T6: 16632 | U6: 9 | V6: Y | W6: No | X6: 12 | Y6: 3 | Z6: 4 | AA6: 80 | AB6: 1 | AC6: 6 | AD6: 3 | AE6: 3 | AF6: 2 | AG6: 2 | AH6: 2 | AI6: 2 | AJ6: =IF(S6>=6500,"High","Low") -> Low | AK6: {=_xlfn.IFS(S6<4000,"Low",S6<8000,"Medium",S6>=8000,"High")} -> Low | AL6: {=_xlfn.IFS(AF6<3,"new",AF6<=7,"Experienced",AF6>7,"High")} -> new
A7: 32 | B7: No | C7: Travel_Frequently | D7: 1005 | E7: Research & Development | F7: 2 | G7: 2 | H7: Life Sciences | I7: 1 | J7: 8 | K7: 4 | L7: Male | M7: 79 | N7: 3 | O7: 1 | P7: Laboratory Technician | Q7: 4 | R7: Single | S7: 3068 | T7: 11864 | U7: 0 | V7: Y | W7: No | X7: 13 | Y7: 3 | Z7: 3 | AA7: 80 | AB7: 0 | AC7: 8 | AD7: 2 | AE7: 2 | AF7: 7 | AG7: 7 | AH7: 3 | AI7: 6 | AJ7: =IF(S7>=6500,"High","Low") -> Low | AK7: {=_xlfn.IFS(S7<4000,"Low",S7<8000,"Medium",S7>=8000,"High")} -> Low | AL7: {=_xlfn.IFS(AF7<3,"new",AF7<=7,"Experienced",AF7>7,"High")} -> Experienced
A8: 59 | B8: No | C8: Travel_Rarely | D8: 1324 | E8: Research & Development | F8: 3 | G8: 3 | H8: Medical | I8: 1 | J8: 10 | K8: 3 | L8: Female | M8: 81 | N8: 4 | O8: 1 | P8: Laboratory Technician | Q8: 1 | R8: Married | S8: 2670 | T8: 9964 | U8: 4 | V8: Y | W8: Yes | X8: 20 | Y8: 4 | Z8: 1 | AA8: 80 | AB8: 3 | AC8: 12 | AD8: 3 | AE8: 2 | AF8: 1 | AG8: 0 | AH8: 0 | AI8: 0 | AJ8: =IF(S8>=6500,"High","Low") -> Low | AK8: {=_xlfn.IFS(S8<4000,"Low",S8<8000,"Medium",S8>=8000,"High")} -> Low | AL8: {=_xlfn.IFS(AF8<3,"new",AF8<=7,"Experienced",AF8>7,"High")} -> new
A9: 30 | B9: No | C9: Travel_Rarely | D9: 1358 | E9: Research & Development | F9: 24 | G9: 1 | H9: Life Sciences | I9: 1 | J9: 11 | K9: 4 | L9: Male | M9: 67 | N9: 3 | O9: 1 | P9: Laboratory Technician | Q9: 3 | R9: Divorced | S9: 2693 | T9: 13335 | U9: 1 | V9: Y | W9: No | X9: 22 | Y9: 4 | Z9: 2 | AA9: 80 | AB9: 1 | AC9: 1 | AD9: 2 | AE9: 3 | AF9: 1 | AG9: 0 | AH9: 0 | AI9: 0 | AJ9: =IF(S9>=6500,"High","Low") -> Low | AK9: {=_xlfn.IFS(S9<4000,"Low",S9<8000,"Medium",S9>=8000,"High")} -> Low | AL9: {=_xlfn.IFS(AF9<3,"new",AF9<=7,"Experienced",AF9>7,"High")} -> new | AS9: Sum of EmployeeCount | AT9: OverTime
A10: 38 | B10: No | C10: Travel_Frequently | D10: 216 | E10: Research & Development | F10: 23 | G10: 3 | H10: Life Sciences | I10: 1 | J10: 12 | K10: 4 | L10: Male | M10: 44 | N10: 2 | O10: 3 | P10: Manufacturing Director | Q10: 3 | R10: Single | S10: 9526 | T10: 8787 | U10: 0 | V10: Y | W10: No | X10: 21 | Y10: 4 | Z10: 2 | AA10: 80 | AB10: 0 | AC10: 10 | AD10: 2 | AE10: 3 | AF10: 9 | AG10: 7 | AH10: 1 | AI10: 8 | AJ10: =IF(S10>=6500,"High","Low") -> High | AK10: {=_xlfn.IFS(S10<4000,"Low",S10<8000,"Medium",S10>=8000,"High")} -> High | AL10: {=_xlfn.IFS(AF10<3,"new",AF10<=7,"Experienced",AF10>7,"High")} -> High | AS10: Department | AT10: No | AU10: Yes | AV10: Grand Total
A11: 36 | B11: No | C11: Travel_Rarely | D11: 1299 | E11: Research & Development | F11: 27 | G11: 3 | H11: Medical | I11: 1 | J11: 13 | K11: 3 | L11: Male | M11: 94 | N11: 3 | O11: 2 | P11: Healthcare Representative | Q11: 3 | R11: Married | S11: 5237 | T11: 16577 | U11: 6 | V11: Y | W11: No | X11: 13 | Y11: 3 | Z11: 2 | AA11: 80 | AB11: 2 | AC11: 17 | AD11: 3 | AE11: 2 | AF11: 7 | AG11: 7 | AH11: 7 | AI11: 7 | AJ11: =IF(S11>=6500,"High","Low") -> Low | AK11: {=_xlfn.IFS(S11<4000,"Low",S11<8000,"Medium",S11>=8000,"High")} -> Medium | AL11: {=_xlfn.IFS(AF11<3,"new",AF11<=7,"Experienced",AF11>7,"High")} -> Experienced | AS11: Human Resources | AT11: 46 | AU11: 17 | AV11: 63
A12: 35 | B12: No | C12: Travel_Rarely | D12: 809 | E12: Research & Development | F12: 16 | G12: 3 | H12: Medical | I12: 1 | J12: 14 | K12: 1 | L12: Male | M12: 84 | N12: 4 | O12: 1 | P12: Laboratory Technician | Q12: 2 | R12: Married | S12: 2426 | T12: 16479 | U12: 0 | V12: Y | W12: No | X12: 13 | Y12: 3 | Z12: 3 | AA12: 80 | AB12: 1 | AC12: 6 | AD12: 5 | AE12: 3 | AF12: 5 | AG12: 4 | AH12: 0 | AI12: 3 | AJ12: =IF(S12>=6500,"High","Low") -> Low | AK12: {=_xlfn.IFS(S12<4000,"Low",S12<8000,"Medium",S12>=8000,"High")} -> Low | AL12: {=_xlfn.IFS(AF12<3,"new",AF12<=7,"Experienced",AF12>7,"High")} -> Experienced | AS12: Research & Development | AT12: 690 | AU12: 271 | AV12: 961
A13: 29 | B13: No | C13: Travel_Rarely | D13: 153 | E13: Research & Development | F13: 15 | G13: 2 | H13: Life Sciences | I13: 1 | J13: 15 | K13: 4 | L13: Female | M13: 49 | N13: 2 | O13: 2 | P13: Laboratory Technician | Q13: 3 | R13: Single | S13: 4193 | T13: 12682 | U13: 0 | V13: Y | W13: Yes | X13: 12 | Y13: 3 | Z13: 4 | AA13: 80 | AB13: 0 | AC13: 10 | AD13: 3 | AE13: 3 | AF13: 9 | AG13: 5 | AH13: 0 | AI13: 8 | AJ13: =IF(S13>=6500,"High","Low") -> Low | AK13: {=_xlfn.IFS(S13<4000,"Low",S13<8000,"Medium",S13>=8000,"High")} -> Medium | AL13: {=_xlfn.IFS(AF13<3,"new",AF13<=7,"Experienced",AF13>7,"High")} -> High | AS13: Sales | AT13: 318 | AU13: 128 | AV13: 446
A14: 31 | B14: No | C14: Travel_Rarely | D14: 670 | E14: Research & Development | F14: 26 | G14: 1 | H14: Life Sciences | I14: 1 | J14: 16 | K14: 1 | L14: Male | M14: 31 | N14: 3 | O14: 1 | P14: Research Scientist | Q14: 3 | R14: Divorced | S14: 2911 | T14: 15170 | U14: 1 | V14: Y | W14: No | X14: 17 | Y14: 3 | Z14: 4 | AA14: 80 | AB14: 1 | AC14: 5 | AD14: 1 | AE14: 2 | AF14: 5 | AG14: 2 | AH14: 4 | AI14: 3 | AJ14: =IF(S14>=6500,"High","Low") -> Low | AK14: {=_xlfn.IFS(S14<4000,"Low",S14<8000,"Medium",S14>=8000,"High")} -> Low | AL14: {=_xlfn.IFS(AF14<3,"new",AF14<=7,"Experienced",AF14>7,"High")} -> Experienced | AS14: Grand Total | AT14: 1054 | AU14: 416 | AV14: 1470
A15: 34 | B15: No | C15: Travel_Rarely | D15: 1346 | E15: Research & Development | F15: 19 | G15: 2 | H15: Medical | I15: 1 | J15: 18 | K15: 2 | L15: Male | M15: 93 | N15: 3 | O15: 1 | P15: Laboratory Technician | Q15: 4 | R15: Divorced | S15: 2661 | T15: 8758 | U15: 0 | V15: Y | W15: No | X15: 11 | Y15: 3 | Z15: 3 | AA15: 80 | AB15: 1 | AC15: 3 | AD15: 2 | AE15: 3 | AF15: 2 | AG15: 2 | AH15: 1 | AI15: 2 | AJ15: =IF(S15>=6500,"High","Low") -> Low | AK15: {=_xlfn.IFS(S15<4000,"Low",S15<8000,"Medium",S15>=8000,"High")} -> Low | AL15: {=_xlfn.IFS(AF15<3,"new",AF15<=7,"Experienced",AF15>7,"High")} -> new
A16: 28 | B16: Yes | C16: Travel_Rarely | D16: 103 | E16: Research & Development | F16: 24 | G16: 3 | H16: Life Sciences | I16: 1 | J16: 19 | K16: 3 | L16: Male | M16: 50 | N16: 2 | O16: 1 | P16: Laboratory Technician | Q16: 3 | R16: Single | S16: 2028 | T16: 12947 | U16: 5 | V16: Y | W16: Yes | X16: 14 | Y16: 3 | Z16: 2 | AA16: 80 | AB16: 0 | AC16: 6 | AD16: 4 | AE16: 3 | AF16: 4 | AG16: 2 | AH16: 0 | AI16: 3 | AJ16: =IF(S16>=6500,"High","Low") -> Low | AK16: {=_xlfn.IFS(S16<4000,"Low",S16<8000,"Medium",S16>=8000,"High")} -> Low | AL16: {=_xlfn.IFS(AF16<3,"new",AF16<=7,"Experienced",AF16>7,"High")} -> Experienced | AS16: Average of MonthlyIncome | AT16: OverTime
A17: 29 | B17: No | C17: Travel_Rarely | D17: 1389 | E17: Research & Development | F17: 21 | G17: 4 | H17: Life Sciences | I17: 1 | J17: 20 | K17: 2 | L17: Female | M17: 51 | N17: 4 | O17: 3 | P17: Manufacturing Director | Q17: 1 | R17: Divorced | S17: 9980 | T17: 10195 | U17: 1 | V17: Y | W17: No | X17: 11 | Y17: 3 | Z17: 3 | AA17: 80 | AB17: 1 | AC17: 10 | AD17: 1 | AE17: 3 | AF17: 10 | AG17: 9 | AH17: 8 | AI17: 8 | AJ17: =IF(S17>=6500,"High","Low") -> High | AK17: {=_xlfn.IFS(S17<4000,"Low",S17<8000,"Medium",S17>=8000,"High")} -> High | AL17: {=_xlfn.IFS(AF17<3,"new",AF17<=7,"Experienced",AF17>7,"High")} -> High | AS17: EmployeeCount | AT17: No | AU17: Yes | AV17: Grand Total
A18: 32 | B18: No | C18: Travel_Rarely | D18: 334 | E18: Research & Development | F18: 5 | G18: 2 | H18: Life Sciences | I18: 1 | J18: 21 | K18: 1 | L18: Male | M18: 80 | N18: 4 | O18: 1 | P18: Research Scientist | Q18: 2 | R18: Divorced | S18: 3298 | T18: 15053 | U18: 0 | V18: Y | W18: Yes | X18: 12 | Y18: 3 | Z18: 4 | AA18: 80 | AB18: 2 | AC18: 7 | AD18: 5 | AE18: 2 | AF18: 6 | AG18: 2 | AH18: 0 | AI18: 5 | AJ18: =IF(S18>=6500,"High","Low") -> Low | AK18: {=_xlfn.IFS(S18<4000,"Low",S18<8000,"Medium",S18>=8000,"High")} -> Low | AL18: {=_xlfn.IFS(AF18<3,"new",AF18<=7,"Experienced",AF18>7,"High")} -> Experienced | AS18: 1 | AT18: 6484.9269 | AU18: 6548.5481 | AV18: 6502.9313
A19: 22 | B19: No | C19: Non-Travel | D19: 1123 | E19: Research & Development | F19: 16 | G19: 2 | H19: Medical | I19: 1 | J19: 22 | K19: 4 | L19: Male | M19: 96 | N19: 4 | O19: 1 | P19: Laboratory Technician | Q19: 4 | R19: Divorced | S19: 2935 | T19: 7324 | U19: 1 | V19: Y | W19: Yes | X19: 13 | Y19: 3 | Z19: 2 | AA19: 80 | AB19: 2 | AC19: 1 | AD19: 2 | AE19: 2 | AF19: 1 | AG19: 0 | AH19: 0 | AI19: 0 | AJ19: =IF(S19>=6500,"High","Low") -> Low | AK19: {=_xlfn.IFS(S19<4000,"Low",S19<8000,"Medium",S19>=8000,"High")} -> Low | AL19: {=_xlfn.IFS(AF19<3,"new",AF19<=7,"Experienced",AF19>7,"High")} -> new | AS19: Grand Total | AT19: 6484.9269 | AU19: 6548.5481 | AV19: 6502.9313
A20: 53 | B20: No | C20: Travel_Rarely | D20: 1219 | E20: Sales | F20: 2 | G20: 4 | H20: Life Sciences | I20: 1 | J20: 23 | K20: 1 | L20: Female | M20: 78 | N20: 2 | O20: 4 | P20: Manager | Q20: 4 | R20: Married | S20: 15427 | T20: 22021 | U20: 2 | V20: Y | W20: No | X20: 16 | Y20: 3 | Z20: 3 | AA20: 80 | AB20: 0 | AC20: 31 | AD20: 3 | AE20: 3 | AF20: 25 | AG20: 8 | AH20: 3 | AI20: 7 | AJ20: =IF(S20>=6500,"High","Low") -> High | AK20: {=_xlfn.IFS(S20<4000,"Low",S20<8000,"Medium",S20>=8000,"High")} -> High | AL20: {=_xlfn.IFS(AF20<3,"new",AF20<=7,"Experienced",AF20>7,"High")} -> High
A21: 38 | B21: No | C21: Travel_Rarely | D21: 371 | E21: Research & Development | F21: 2 | G21: 3 | H21: Life Sciences | I21: 1 | J21: 24 | K21: 4 | L21: Male | M21: 45 | N21: 3 | O21: 1 | P21: Research Scientist | Q21: 4 | R21: Single | S21: 3944 | T21: 4306 | U21: 5 | V21: Y | W21: Yes | X21: 11 | Y21: 3 | Z21: 3 | AA21: 80 | AB21: 0 | AC21: 6 | AD21: 3 | AE21: 3 | AF21: 3 | AG21: 2 | AH21: 1 | AI21: 2 | AJ21: =IF(S21>=6500,"High","Low") -> Low | AK21: {=_xlfn.IFS(S21<4000,"Low",S21<8000,"Medium",S21>=8000,"High")} -> Low | AL21: {=_xlfn.IFS(AF21<3,"new",AF21<=7,"Experienced",AF21>7,"High")} -> Experienced | AS21: Sum of EmployeeCount | AT21: Attrition
A22: 24 | B22: No | C22: Non-Travel | D22: 673 | E22: Research & Development | F22: 11 | G22: 2 | H22: Other | I22: 1 | J22: 26 | K22: 1 | L22: Female | M22: 96 | N22: 4 | O22: 2 | P22: Manufacturing Director | Q22: 3 | R22: Divorced | S22: 4011 | T22: 8232 | U22: 0 | V22: Y | W22: No | X22: 18 | Y22: 3 | Z22: 4 | AA22: 80 | AB22: 1 | AC22: 5 | AD22: 5 | AE22: 2 | AF22: 4 | AG22: 2 | AH22: 1 | AI22: 3 | AJ22: =IF(S22>=6500,"High","Low") -> Low | AK22: {=_xlfn.IFS(S22<4000,"Low",S22<8000,"Medium",S22>=8000,"High")} -> Medium | AL22: {=_xlfn.IFS(AF22<3,"new",AF22<=7,"Experienced",AF22>7,"High")} -> Experienced | AS22: Department | AT22: No | AU22: Yes | AV22: Grand Total
A23: 36 | B23: Yes | C23: Travel_Rarely | D23: 1218 | E23: Sales | F23: 9 | G23: 4 | H23: Life Sciences | I23: 1 | J23: 27 | K23: 3 | L23: Male | M23: 82 | N23: 2 | O23: 1 | P23: Sales Representative | Q23: 1 | R23: Single | S23: 3407 | T23: 6986 | U23: 7 | V23: Y | W23: No | X23: 23 | Y23: 4 | Z23: 2 | AA23: 80 | AB23: 0 | AC23: 10 | AD23: 4 | AE23: 3 | AF23: 5 | AG23: 3 | AH23: 0 | AI23: 3 | AJ23: =IF(S23>=6500,"High","Low") -> Low | AK23: {=_xlfn.IFS(S23<4000,"Low",S23<8000,"Medium",S23>=8000,"High")} -> Low | AL23: {=_xlfn.IFS(AF23<3,"new",AF23<=7,"Experienced",AF23>7,"High")} -> Experienced | AS23: Human Resources | AT23: 51 | AU23: 12 | AV23: 63
A24: 34 | B24: No | C24: Travel_Rarely | D24: 419 | E24: Research & Development | F24: 7 | G24: 4 | H24: Life Sciences | I24: 1 | J24: 28 | K24: 1 | L24: Female | M24: 53 | N24: 3 | O24: 3 | P24: Research Director | Q24: 2 | R24: Single | S24: 11994 | T24: 21293 | U24: 0 | V24: Y | W24: No | X24: 11 | Y24: 3 | Z24: 3 | AA24: 80 | AB24: 0 | AC24: 13 | AD24: 4 | AE24: 3 | AF24: 12 | AG24: 6 | AH24: 2 | AI24: 11 | AJ24: =IF(S24>=6500,"High","Low") -> High | AK24: {=_xlfn.IFS(S24<4000,"Low",S24<8000,"Medium",S24>=8000,"High")} -> High | AL24: {=_xlfn.IFS(AF24<3,"new",AF24<=7,"Experienced",AF24>7,"High")} -> High | AS24: Research & Development | AT24: 827 | AU24: 132 | AV24: 959
A25: 21 | B25: No | C25: Travel_Rarely | D25: 391 | E25: Research & Development | F25: 15 | G25: 2 | H25: Life Sciences | I25: 1 | J25: 30 | K25: 3 | L25: Male | M25: 96 | N25: 3 | O25: 1 | P25: Research Scientist | Q25: 4 | R25: Single | S25: 1232 | T25: 19281 | U25: 1 | V25: Y | W25: No | X25: 14 | Y25: 3 | Z25: 4 | AA25: 80 | AB25: 0 | AC25: 0 | AD25: 6 | AE25: 3 | AF25: 0 | AG25: 0 | AH25: 0 | AI25: 0 | AJ25: =IF(S25>=6500,"High","Low") -> Low | AK25: {=_xlfn.IFS(S25<4000,"Low",S25<8000,"Medium",S25>=8000,"High")} -> Low | AL25: {=_xlfn.IFS(AF25<3,"new",AF25<=7,"Experienced",AF25>7,"High")} -> new | AS25: Sales | AT25: 354 | AU25: 92 | AV25: 446
A26: 34 | B26: Yes | C26: Travel_Rarely | D26: 699 | E26: Research & Development | F26: 6 | G26: 1 | H26: Medical | I26: 1 | J26: 31 | K26: 2 | L26: Male | M26: 83 | N26: 3 | O26: 1 | P26: Research Scientist | Q26: 1 | R26: Single | S26: 2960 | T26: 17102 | U26: 2 | V26: Y | W26: No | X26: 11 | Y26: 3 | Z26: 3 | AA26: 80 | AB26: 0 | AC26: 8 | AD26: 2 | AE26: 3 | AF26: 4 | AG26: 2 | AH26: 1 | AI26: 3 | AJ26: =IF(S26>=6500,"High","Low") -> Low | AK26: {=_xlfn.IFS(S26<4000,"Low",S26<8000,"Medium",S26>=8000,"High")} -> Low | AL26: {=_xlfn.IFS(AF26<3,"new",AF26<=7,"Experienced",AF26>7,"High")} -> Experienced | AS26: Grand Total | AT26: 1232 | AU26: 236 | AV26: 1468
A27: 53 | B27: NO | C27: Travel_Rarely | D27: 1282 | E27: Research & Development | F27: 5 | G27: 3 | H27: Other | I27: 1 | J27: 32 | K27: 3 | L27: Female | M27: 58 | N27: 3 | O27: 5 | P27: Manager | Q27: 3 | R27: Divorced | S27: 19094 | T27: 10735 | U27: 4 | V27: Y | W27: No | X27: 11 | Y27: 3 | Z27: 4 | AA27: 80 | AB27: 1 | AC27: 26 | AD27: 3 | AE27: 2 | AF27: 14 | AG27: 13 | AH27: 4 | AI27: 8 | AJ27: =IF(S27>=6500,"High","Low") -> High | AK27: {=_xlfn.IFS(S27<4000,"Low",S27<8000,"Medium",S27>=8000,"High")} -> High | AL27: {=_xlfn.IFS(AF27<3,"new",AF27<=7,"Experienced",AF27>7,"High")} -> High
A28: 32 | B28: YES | C28: Travel_Frequently | D28: 1125 | E28: Research & Development | F28: 16 | G28: 1 | H28: Life Sciences | I28: 1 | J28: 33 | K28: 2 | L28: Female | M28: 72 | N28: 1 | O28: 1 | P28: Research Scientist | Q28: 1 | R28: Single | S28: 3919 | T28: 4681 | U28: 1 | V28: Y | W28: Yes | X28: 22 | Y28: 4 | Z28: 2 | AA28: 80 | AB28: 0 | AC28: 10 | AD28: 5 | AE28: 3 | AF28: 10 | AG28: 2 | AH28: 6 | AI28: 7 | AJ28: =IF(S28>=6500,"High","Low") -> Low | AK28: {=_xlfn.IFS(S28<4000,"Low",S28<8000,"Medium",S28>=8000,"High")} -> Low | AL28: {=_xlfn.IFS(AF28<3,"new",AF28<=7,"Experienced",AF28>7,"High")} -> High
A29: 42 | B29: No | C29: Travel_Rarely | D29: 691 | E29: Sales | F29: 8 | G29: 4 | H29: Marketing | I29: 1 | J29: 35 | K29: 3 | L29: Male | M29: 48 | N29: 3 | O29: 2 | P29: Sales Executive | Q29: 2 | R29: Married | S29: 6825 | T29: 21173 | U29: 0 | V29: Y | W29: No | X29: 11 | Y29: 3 | Z29: 4 | AA29: 80 | AB29: 1 | AC29: 10 | AD29: 2 | AE29: 3 | AF29: 9 | AG29: 7 | AH29: 4 | AI29: 2 | AJ29: =IF(S29>=6500,"High","Low") -> High | AK29: {=_xlfn.IFS(S29<4000,"Low",S29<8000,"Medium",S29>=8000,"High")} -> Medium | AL29: {=_xlfn.IFS(AF29<3,"new",AF29<=7,"Experienced",AF29>7,"High")} -> High
A30: 44 | B30: No | C30: Travel_Rarely | D30: 477 | E30: Research & Development | F30: 7 | G30: 4 | H30: Medical | I30: 1 | J30: 36 | K30: 1 | L30: Female | M30: 42 | N30: 2 | O30: 3 | P30: Healthcare Representative | Q30: 4 | R30: Married | S30: 10248 | T30: 2094 | U30: 3 | V30: Y | W30: No | X30: 14 | Y30: 3 | Z30: 4 | AA30: 80 | AB30: 1 | AC30: 24 | AD30: 4 | AE30: 3 | AF30: 22 | AG30: 6 | AH30: 5 | AI30: 17 | AJ30: =IF(S30>=6500,"High","Low") -> High | AK30: {=_xlfn.IFS(S30<4000,"Low",S30<8000,"Medium",S30>=8000,"High")} -> High | AL30: {=_xlfn.IFS(AF30<3,"new",AF30<=7,"Experienced",AF30>7,"High")} -> High
A31: 46 | B31: No | C31: Travel_Rarely | D31: 705 | E31: Sales | F31: 2 | G31: 4 | H31: Marketing | I31: 1 | J31: 38 | K31: 2 | L31: Female | M31: 83 | N31: 3 | O31: 5 | P31: Manager | Q31: 1 | R31: Single | S31: 18947 | T31: 22822 | U31: 3 | V31: Y | W31: No | X31: 12 | Y31: 3 | Z31: 4 | AA31: 80 | AB31: 0 | AC31: 22 | AD31: 2 | AE31: 2 | AF31: 2 | AG31: 2 | AH31: 2 | AI31: 1 | AJ31: =IF(S31>=6500,"High","Low") -> High | AK31: {=_xlfn.IFS(S31<4000,"Low",S31<8000,"Medium",S31>=8000,"High")} -> High | AL31: {=_xlfn.IFS(AF31<3,"new",AF31<=7,"Experienced",AF31>7,"High")} -> new
A32: 33 | B32: No | C32: Travel_Rarely | D32: 924 | E32: Research & Development | F32: 2 | G32: 3 | H32: Medical | I32: 1 | J32: 39 | K32: 3 | L32: Male | M32: 78 | N32: 3 | O32: 1 | P32: Laboratory Technician | Q32: 4 | R32: Single | S32: 2496 | T32: 6670 | U32: 4 | V32: Y | W32: No | X32: 11 | Y32: 3 | Z32: 4 | AA32: 80 | AB32: 0 | AC32: 7 | AD32: 3 | AE32: 3 | AF32: 1 | AG32: 1 | AH32: 0 | AI32: 0 | AJ32: =IF(S32>=6500,"High","Low") -> Low | AK32: {=_xlfn.IFS(S32<4000,"Low",S32<8000,"Medium",S32>=8000,"High")} -> Low | AL32: {=_xlfn.IFS(AF32<3,"new",AF32<=7,"Experienced",AF32>7,"High")} -> new
A33: 44 | B33: No | C33: Travel_Rarely | D33: 1459 | E33: Research & Development | F33: 10 | G33: 4 | H33: Other | I33: 1 | J33: 40 | K33: 4 | L33: Male | M33: 41 | N33: 3 | O33: 2 | P33: Healthcare Representative | Q33: 4 | R33: Married | S33: 6465 | T33: 19121 | U33: 2 | V33: Y | W33: Yes | X33: 13 | Y33: 3 | Z33: 4 | AA33: 80 | AB33: 0 | AC33: 9 | AD33: 5 | AE33: 4 | AF33: 4 | AG33: 2 | AH33: 1 | AI33: 3 | AJ33: =IF(S33>=6500,"High","Low") -> Low | AK33: {=_xlfn.IFS(S33<4000,"Low",S33<8000,"Medium",S33>=8000,"High")} -> Medium | AL33: {=_xlfn.IFS(AF33<3,"new",AF33<=7,"Experienced",AF33>7,"High")} -> Experienced
A34: 30 | B34: No | C34: Travel_Rarely | D34: 125 | E34: Research & Development | F34: 9 | G34: 2 | H34: Medical | I34: 1 | J34: 41 | K34: 4 | L34: Male | M34: 83 | N34: 2 | O34: 1 | P34: Laboratory Technician | Q34: 3 | R34: Single | S34: 2206 | T34: 16117 | U34: 1 | V34: Y | W34: No | X34: 13 | Y34: 3 | Z34: 1 | AA34: 80 | AB34: 0 | AC34: 10 | AD34: 5 | AE34: 3 | AF34: 10 | AG34: 0 | AH34: 1 | AI34: 8 | AJ34: =IF(S34>=6500,"High","Low") -> Low | AK34: {=_xlfn.IFS(S34<4000,"Low",S34<8000,"Medium",S34>=8000,"High")} -> Low | AL34: {=_xlfn.IFS(AF34<3,"new",AF34<=7,"Experienced",AF34>7,"High")} -> High
A35: 39 | B35: Yes | C35: Travel_Rarely | D35: 895 | E35: Sales | F35: 5 | G35: 3 | H35: Technical Degree | I35: 1 | J35: 42 | K35: 4 | L35: Male | M35: 56 | N35: 3 | O35: 2 | P35: Sales Representative | Q35: 4 | R35: Married | S35: 2086 | T35: 3335 | U35: 3 | V35: Y | W35: No | X35: 14 | Y35: 3 | Z35: 3 | AA35: 80 | AB35: 1 | AC35: 19 | AD35: 6 | AE35: 4 | AF35: 1 | AG35: 0 | AH35: 0 | AI35: 0 | AJ35: =IF(S35>=6500,"High","Low") -> Low | AK35: {=_xlfn.IFS(S35<4000,"Low",S35<8000,"Medium",S35>=8000,"High")} -> Low | AL35: {=_xlfn.IFS(AF35<3,"new",AF35<=7,"Experienced",AF35>7,"High")} -> new
A36: 24 | B36: Yes | C36: Travel_Rarely | D36: 813 | E36: Research & Development | F36: 1 | G36: 3 | H36: Medical | I36: 1 | J36: 45 | K36: 2 | L36: Male | M36: 61 | N36: 3 | O36: 1 | P36: Research Scientist | Q36: 4 | R36: Married | S36: 2293 | T36: 3020 | U36: 2 | V36: Y | W36: Yes | X36: 16 | Y36: 3 | Z36: 1 | AA36: 80 | AB36: 1 | AC36: 6 | AD36: 2 | AE36: 2 | AF36: 2 | AG36: 0 | AH36: 2 | AI36: 0 | AJ36: =IF(S36>=6500,"High","Low") -> Low | AK36: {=_xlfn.IFS(S36<4000,"Low",S36<8000,"Medium",S36>=8000,"High")} -> Low | AL36: {=_xlfn.IFS(AF36<3,"new",AF36<=7,"Experienced",AF36>7,"High")} -> new
A37: 43 | B37: No | C37: Travel_Rarely | D37: 1273 | E37: Research & Development | F37: 2 | G37: 2 | H37: Medical | I37: 1 | J37: 46 | K37: 4 | L37: Female | M37: 72 | N37: 4 | O37: 1 | P37: Research Scientist | Q37: 3 | R37: Divorced | S37: 2645 | T37: 21923 | U37: 1 | V37: Y | W37: No | X37: 12 | Y37: 3 | Z37: 4 | AA37: 80 | AB37: 2 | AC37: 6 | AD37: 3 | AE37: 2 | AF37: 5 | AG37: 3 | AH37: 1 | AI37: 4 | AJ37: =IF(S37>=6500,"High","Low") -> Low | AK37: {=_xlfn.IFS(S37<4000,"Low",S37<8000,"Medium",S37>=8000,"High")} -> Low | AL37: {=_xlfn.IFS(AF37<3,"new",AF37<=7,"Experienced",AF37>7,"High")} -> Experienced
A38: 50 | B38: Yes | C38: Travel_Rarely | D38: 869 | E38: Sales | F38: 3 | G38: 2 | H38: Marketing | I38: 1 | J38: 47 | K38: 1 | L38: Male | M38: 86 | N38: 2 | O38: 1 | P38: Sales Representative | Q38: 3 | R38: Married | S38: 2683 | T38: 3810 | U38: 1 | V38: Y | W38: Yes | X38: 14 | Y38: 3 | Z38: 3 | AA38: 80 | AB38: 0 | AC38: 3 | AD38: 2 | AE38: 3 | AF38: 3 | AG38: 2 | AH38: 0 | AI38: 2 | AJ38: =IF(S38>=6500,"High","Low") -> Low | AK38: {=_xlfn.IFS(S38<4000,"Low",S38<8000,"Medium",S38>=8000,"High")} -> Low | AL38: {=_xlfn.IFS(AF38<3,"new",AF38<=7,"Experienced",AF38>7,"High")} -> Experienced
... A1471: 34 | B1471: No | C1471: Travel_Rarely | D1471: 628 | E1471: Research & Development | F1471: 8 | G1471: 3 | H1471: Medical | I1471: 1 | J1471: 2068 | K1471: 2 | L1471: Male | M1471: 82 | N1471: 4 | O1471: 2 | P1471: Laboratory Technician | Q1471: 3 | R1471: Married | S1471: 4404 | T1471: 10228 | U1471: 2 | V1471: Y | W1471: No | X1471: 12 | Y1471: 3 | Z1471: 1 | AA1471: 80 | AB1471: 0 | AC1471: 6 | AD1471: 3 | AE1471: 4 | AF1471: 4 | AG1471: 3 | AH1471: 1 | AI1471: 2 | AJ1471: =IF(S1471>=6500,"High","Low") -> Low | AK1471: {=_xlfn.IFS(S1471<4000,"Low",S1471<8000,"Medium",S1471>=8000,"High")} -> Medium | AL1471: {=_xlfn.IFS(AF1471<3,"new",AF1471<=7,"Experienced",AF1471>7,"High")} -> Experienced

Sheet Business question 
A1: Business Qestion | B1: Formula | C1: Result | D1: Business Insight
A2: How many employes in the company ? | B2: =COUNTA(Analysis!J:J)-1 -> 1470 | C2: 1470 | D2: The company has 1471 employees in dataset
A3: How many Department are there in Company? | B3: =COUNTA(_xlfn.UNIQUE(Analysis!E2:E1471)) -> 3 | C3: 3 | D3: The Company has 3 department ,allowing HR to compare employee count
A4: =SUM('Business question '!B2) -> 1470 | B4: =COUNTA(_xlfn.UNIQUE(Analysis!P2:P1471)) -> 9 | C4: 9 | D4: The company has 9 job role
A5: what is the average age of employees? | B5: =ROUND(AVERAGE(Analysis!A2:A1471),2) -> 36.92 | C5: 36 | D5: Average age of employees is 36.92 years
A6: what is the average monthly income of employees? | B6: =AVERAGE(Analysis!S2:S1471) -> 6502.9313 | C6: 6502 | D6: The average monthly income of employees is approx 6,502,93
A7: how many employees left the company ? | B7: =COUNTIF(Analysis!B2:B21471,"yes") -> 237 | C7: 236 | D7: 236 Employees left the company
A8: How many employes in the company ? | B8: =COUNTIF(Analysis!B2:B21471,"NO") -> 1233 | C8: 1232 | D8: 1232 Employees are still working in the company
A9: How many male employees in the company ? | B9: =COUNTIF(Analysis!L2:L1471,"MALE") -> 882 | C9: 882 | D9: There is 882 MALE employess in company
A10: How many female employees in the company ? | B10: =COUNTIF(Analysis!L2:L1471, "female") -> 588 | C10: 588 | D10: There is 588 female employees in company
A11: How many emploees work over time ? | B11: =COUNTIF(Analysis!W2:W1471,"yes") -> 416 | C11: 416 | D11: In the company 416 employees work over time
A12: How many male employees work overtime in the company ? | B12: =COUNTIFS(Analysis!W2:W1471,"yes",Analysis!L2:L1471,"male") -> 236 | C12: 236 | D12: In the company 236 male employees work over time
A13: How many female employees work overtime in the company ? | B13: =COUNTIFS(Analysis!W2:W1471,"yes",Analysis!L2:L1471,"female") -> 180 | C13: 180 | D13: In the company 180 female employees work over time
A14: what is the total monthly income paid to employees in the sales department ? | B14: =SUMIFS(Analysis!S2:S1471,Analysis!E2:E1471,"sales") -> 3103791 | C14: 3103791 | D14: The total monthly income paid to employees in the sales department is 3103791
A15: what is the total monthly income paid to employees in the HR department ? | B15: =SUMIFS(Analysis!S2:S1471,Analysis!E2:E1471,"Human Resources") -> 419234 | C15: 419234 | D15: The total monthly income paid to employees in the HR department is 419234
A16: what is the total monthly income paid to employees in the Research & Development department ? | B16: =SUMIFS(Analysis!S2:S1471,Analysis!E2:E1471,"Research & Development") -> 6036284 | C16: 6036284 | D16: The total monthly income paid to employees in the Research & Development is 6036284
A17: what is the total monthly income of employees who work over time ? | B17: =SUMIFS(Analysis!S2:S1471,Analysis!W2:W1471,"yes") -> 2724196 | C17: 2724196 | D17: Employees who work overtime receive a combined monthly income of 2,724,196
A18: what is the average monthly income of employees in sales department ? | B18: =AVERAGEIFS(Analysis!S2:S1471,Analysis!E2:E1471,"sales") -> 6959.1726 | C18: 6959 | D18: The average monthly income of employees in sales department is 6959.173
A19: what is the average monthly income of employees in HR department ? | B19: =AVERAGEIFS(Analysis!S2:S1471,Analysis!E2:E1471,"Human Resources") -> 6654.5079 | C19: 6654 | D19: The average monthly income of employees in HR department is 6654
A20: What is the average age of employees in sales department ? | B20: =AVERAGEIFS(Analysis!A2:A1471,Analysis!E2:E1471,"sales") -> 36.542601 | C20: 36 | D20: The average age of employees in sales department is 36
A21: What is the average year at the company for employees in sales department | B21: =AVERAGEIFS(Analysis!AF2:AF1471,Analysis!E2:E1471,"sales") -> 7.2847534 | C21: 7.2 | D21: Employees in sales department have an average tenure of 7.2 years
A22: Classify employees into high to low salary categories | B22: =IF(S2>=6500,"High","Low") -> Low | C22: Low,High | D22: Employees are clasified as high or low salary based on a monthly income threshold of 6,500
A23: How many employees are classified as high and low salary | B23: =COUNTIF(Analysis!AJ2:AJ1471,"High")&"high,"&COUNTIF(Analysis!AJ2:AJ1471,"low")&"low" -> 496high,974low | C23: 496974 | D23: Number of employees are classified as high and low salary
A24: How should employees be classified based on their monthly income? | B24: {=_xlfn.IFS(S2<4000,"Low",S2<8000,"Medium",S2>=8000,"High")} -> Low | C24: Low,Medium,High | D24: Employees be classified based on their monthly income, Help HR to understand salary distribution acroos the workforce
A25: How should employees be classified based on their year of experience at the company ? | B25: {=_xlfn.IFS(AF2<3,"new",AF2<=7,"Experienced",AF2>7,"High")} -> new | C25: New,Experienced,High | D25: Employees experience level help HR to understand workforce maturity,retention,pattern
A26: Find the department of employee number 1 | B26: =_xlfn.XLOOKUP(1,Analysis!J2:J1471,Analysis!E2:E1471) -> Sales | C26: sales | D26: XLOOKUP allow HR to quickly retrieve an employees department using their employee number
A27: FInd the Monthly income of employee number 1 | B27: =_xlfn.XLOOKUP(1,Analysis!J2:J1471,Analysis!S2:S1471) -> 5993 | C27: 5993 | D27: XLOOKUP allow HR to quickly retrieve an employees Monthly income
A28: How many employes are in each department? | B28: Pivot Table | C28: count show in pivot table | D28: Employees distribution by department help HR understand workforce allocation and identify which departments have the largest or smallest workforce
A29: what is the average monthly income for each department ? | B29: Pivot Table | C29: count show in pivot table | D29: sales has the higest avg income among the three department
A30: How many employe work over time in each department | B30: Pivot Table | C30: count show in pivot table | D30: Research & Development has higest number of emplyees working overtime
A31: What is the average monthly income of employees who work over time vs those who not ? | B31: Pivot Table | C31: count show in pivot table | D31: Employees who work overtime have a slightly higher average monthly income then employees who do not work over time

Sheet HR Dashboard 
A1: HR ANALYTICS DASHBOARD
A3: Total Employees | D3: Total Attrition | G3: Average Monthly Income | J3: Average Age
A4: =SUM('Business question '!B2) -> 1470 | D4: =COUNTIF(Analysis!B2:B21471,"yes") -> 237 | G4: =AVERAGE(Analysis!S2:S1471) -> 6502.9313 | J4: =ROUND(AVERAGE(Analysis!A2:A1471),2) -> 36.92
